{
    "initial points": [
        1e-07,
        1e-05,
        0.001
    ],
    "final error score": [
        13.936240857154873,
        13.936240787249366,
        13.93624078848113
    ],
    "final parameters": [
        [
            8.023930358886723e-07
        ],
        [
            8.023923635473657e-07
        ],
        [
            8.023921895047727e-07
        ]
    ],
    "time taken": [
        31.628590343147515,
        34.35412694675227,
        32.35994745263209
    ]
}