{
    "initial points": [
        1e-07,
        1e-05,
        0.001
    ],
    "final error score": [
        9.489916921588831,
        9.489916934971559,
        9.48991692466642
    ],
    "final parameters": [
        [
            9.965318202972433e-07
        ],
        [
            9.965315607905677e-07
        ],
        [
            9.96531639245622e-07
        ]
    ],
    "time taken": [
        51.83256529401988,
        62.63896407602976,
        52.82072105407715
    ]
}