{
    "initial points": [
        1e-07,
        1e-05,
        0.001
    ],
    "final error score": [
        22.60172426270046,
        22.6017262457599,
        22.601318377359696
    ],
    "final parameters": [
        [
            7.778347015567132e-07
        ],
        [
            7.778346450068012e-07
        ],
        [
            7.779170089593924e-07
        ]
    ],
    "time taken": [
        26.717740762978792,
        28.24277059851835,
        30.540548001602293
    ]
}