{
    "initial points": [
        1e-07,
        1e-05,
        0.001
    ],
    "final error score": [
        6.044459279832379,
        6.044460310267664,
        6.0444562393090555
    ],
    "final parameters": [
        [
            9.722038464262284e-07
        ],
        [
            9.722037836909252e-07
        ],
        [
            9.722039161696713e-07
        ]
    ],
    "time taken": [
        52.999887151022754,
        49.04536067973822,
        64.45260283332318
    ]
}