{
    "initial points": [
        1e-07,
        1e-05,
        0.001
    ],
    "final error score": [
        1.6398522948824346,
        1.6398522946716156,
        1.6398522943049212
    ],
    "final parameters": [
        [
            8.756182847917086e-07
        ],
        [
            8.756182789988952e-07
        ],
        [
            8.756183095075734e-07
        ]
    ],
    "time taken": [
        33.16140943653882,
        38.35064453072846,
        38.737948421761395
    ]
}