{
    "initial points": [
        1e-07,
        1e-05,
        0.001
    ],
    "final error score": [
        3.8112511368668,
        3.8112511322108187,
        3.8112511593616896
    ],
    "final parameters": [
        [
            8.512689542770211e-07
        ],
        [
            8.512688721530093e-07
        ],
        [
            8.512687869457672e-07
        ]
    ],
    "time taken": [
        35.535834449902175,
        37.60401872694492,
        35.62836986320714
    ]
}