{
    "initial points": [
        1e-07,
        1e-05,
        0.001
    ],
    "final error score": [
        7.803324572824347,
        7.803324884803465,
        7.803324607310735
    ],
    "final parameters": [
        [
            8.268728256315813e-07
        ],
        [
            8.268729066475296e-07
        ],
        [
            8.26872856121128e-07
        ]
    ],
    "time taken": [
        31.786914665686588,
        39.22462677769363,
        43.33358160189042
    ]
}