{
    "initial points": [
        1e-07,
        1e-05,
        0.001
    ],
    "final error score": [
        1.6358430993542783,
        1.635110346904613,
        1.6358122378598743
    ],
    "final parameters": [
        [
            9.24173192977615e-07
        ],
        [
            9.241262066561504e-07
        ],
        [
            9.24169999777531e-07
        ]
    ],
    "time taken": [
        45.38147057984024,
        55.83468784826497,
        55.770332049019636
    ]
}