{
    "initial points": [
        1e-07,
        1e-05,
        0.001
    ],
    "final error score": [
        0.9911961743924472,
        0.9911961572823108,
        0.9911960999677818
    ],
    "final parameters": [
        [
            8.999249267578131e-07
        ],
        [
            8.999233245848425e-07
        ],
        [
            8.999235578786667e-07
        ]
    ],
    "time taken": [
        44.62512107640505,
        48.6342482485498,
        53.03406394583484
    ]
}