{
    "initial points": [
        1e-07,
        1e-05,
        0.001
    ],
    "final error score": [
        3.3813098093455554,
        3.38130981162537,
        3.3813098406030813
    ],
    "final parameters": [
        [
            9.483398008253409e-07
        ],
        [
            9.483394585549785e-07
        ],
        [
            9.483389564119743e-07
        ]
    ],
    "time taken": [
        45.967601764202115,
        55.089226932264864,
        52.04136274103075
    ]
}